query_name,constraint,cte,case_when,inner_join,left_join,right_join,group_by,where,and,or,subquery,explode,create,read,update,delete
silver_receita_federal_empresa,7,0,0,0,0,0,0,1,1,0,2,0,TRUE,TRUE,FALSE,FALSE
silver_receita_federal_cnae,2,0,0,0,0,0,0,1,1,0,2,0,TRUE,TRUE,FALSE,FALSE
silver_receita_federal_municipio,2,0,0,0,0,0,0,1,1,0,2,0,TRUE,TRUE,FALSE,FALSE
silver_receita_federal_motivo,2,0,0,0,0,0,0,1,1,0,2,0,TRUE,TRUE,FALSE,FALSE
silver_receita_federal_pais,2,0,0,0,0,0,0,1,1,0,2,0,TRUE,TRUE,FALSE,FALSE
silver_receita_federal_natureza_juridica,2,0,0,0,0,0,0,1,1,0,2,0,TRUE,TRUE,FALSE,FALSE
silver_receita_federal_qualificadores,2,0,0,0,0,0,0,1,1,0,2,0,TRUE,TRUE,FALSE,FALSE
silver_receita_federal_simples,11,0,0,0,0,0,0,1,1,0,2,0,TRUE,TRUE,FALSE,FALSE
silver_receita_federal_socios,11,0,1,0,0,0,0,1,1,0,2,0,TRUE,TRUE,FALSE,FALSE
silver_receita_federal_estabelecimento,17,0,1,0,0,0,0,1,1,0,2,0,TRUE,TRUE,FALSE,FALSE
silver_data_solution_contacts,0,0,1,0,0,0,0,2,0,0,1,0,TRUE,TRUE,FALSE,FALSE
silver_data_operation_contacts,1,0,1,0,0,0,0,2,0,0,1,0,TRUE,TRUE,FALSE,FALSE
silver_operia_contacts,0,0,1,0,0,0,0,0,0,0,0,0,TRUE,TRUE,FALSE,FALSE
silver_operia_contacts_also_viewed,0,0,0,0,0,0,0,0,0,0,0,1,TRUE,TRUE,FALSE,FALSE
silver_operia_contacts_awards,0,0,0,0,0,0,0,0,0,0,0,1,TRUE,TRUE,FALSE,FALSE
silver_operia_contacts_certifications,0,0,0,0,0,0,0,0,0,0,0,1,TRUE,TRUE,FALSE,FALSE
silver_operia_contacts_courses,0,0,0,0,0,0,0,0,0,0,0,1,TRUE,TRUE,FALSE,FALSE
silver_operia_contacts_education,0,0,0,0,0,0,0,0,0,0,0,1,TRUE,TRUE,FALSE,FALSE
silver_operia_contacts_working_for,0,0,0,0,0,0,0,0,0,0,0,1,TRUE,TRUE,FALSE,FALSE
silver_operia_contacts_experience,0,1,2,0,2,0,0,0,0,0,0,1,TRUE,TRUE,FALSE,FALSE